id,description,brand,color,price
2750588302105,Item No: 2750588302105,Ardeha,red,79.94
1788307587074,Item No: 1788307587074,Mata,blue,46.85
0729688395464,Item No: 0729688395464,Pillsbury,red,19.96
4016758369667,Item No: 4016758369667,Jalbert,white,44.32
6960504375890,Item No: 6960504375890,Latini,white,67.37
6362244818852,Item No: 6362244818852,Carey,red,95.58
2592927478950,Item No: 2592927478950,Pacorro,blue,38.4
8301409833336,Item No: 8301409833336,Malanie,red,29.47
6370120676300,Item No: 6370120676300,Gino,red,84.93
5195561639069,Item No: 5195561639069,Ovid,black,97.73
6989473410678,Item No: 6989473410678,Felizio,white,73.96
1280308284195,Item No: 1280308284195,Zitvaa,white,52.08
9040343155577,Item No: 9040343155577,Huggins,green,98.42
5926563159506,Item No: 5926563159506,Delila,blue,61.23
8694969469534,Item No: 8694969469534,Liva,blue,7.3
7885975993199,Item No: 7885975993199,Germann,white,83.32
4303192300127,Item No: 4303192300127,Cloris,green,98.04
2598165924384,Item No: 2598165924384,Sallyann,white,64.85
3911933272968,Item No: 3911933272968,Gherardo,black,61.81
8717005375713,Item No: 8717005375713,Bohlin,red,42.66
5827121012385,Item No: 5827121012385,Irmine,white,93.52
7271743982637,Item No: 7271743982637,Poll,red,18.71
1033586446843,Item No: 1033586446843,Klotz,blue,91.72
7656605997498,Item No: 7656605997498,Cristi,white,4.9
6535322692762,Item No: 6535322692762,Henrie,blue,88.25
9430872449156,Item No: 9430872449156,Presber,white,8.29
1087893741449,Item No: 1087893741449,Gillan,green,90.37
9313189660136,Item No: 9313189660136,Abbot,black,5.11
6567150020641,Item No: 6567150020641,Ricarda,red,58.1
5296601244726,Item No: 5296601244726,McGrody,red,97.19
9011407673705,Item No: 9011407673705,Karna,black,66.66
5830899329977,Item No: 5830899329977,Imelida,green,58.67
2333823308222,Item No: 2333823308222,Eldrid,white,73.03
5627310845341,Item No: 5627310845341,Zina,blue,68.22
0010865777930,Item No: 0010865777930,Alfons,white,85.63
2942932794438,Item No: 2942932794438,Masao,white,37.44
9053138774793,Item No: 9053138774793,Dash,blue,34.03
6559028194384,Item No: 6559028194384,Turne,blue,41.61
2069208489107,Item No: 2069208489107,Eno,black,59.86
6889790543306,Item No: 6889790543306,Mata,white,97.23
1351720114352,Item No: 1351720114352,Stuart,blue,58.42
7218184622045,Item No: 7218184622045,Brady,green,22.32
3402933862055,Item No: 3402933862055,Blake,black,11.77
3815577455880,Item No: 3815577455880,Delp,white,20.89
1384054751826,Item No: 1384054751826,Dex,green,34.68
5303307815889,Item No: 5303307815889,Lynn,white,33.92
6083336823325,Item No: 6083336823325,Bouchard,blue,38.37
1925808207044,Item No: 1925808207044,Linehan,red,15.1
1589585491619,Item No: 1589585491619,Donell,black,69.14
7040842392155,Item No: 7040842392155,Pauly,green,31.39
2089747295421,Item No: 2089747295421,Tice,green,91.17
1578010481790,Item No: 1578010481790,Phyllis,green,88.09
4909249232519,Item No: 4909249232519,Joli,white,94.5
1445477275258,Item No: 1445477275258,Bashemeth,red,31.23
1927499228023,Item No: 1927499228023,Swanhildas,blue,46.13
6478378828614,Item No: 6478378828614,Teddman,white,19.79
5044600837939,Item No: 5044600837939,Flyn,black,87.11
2380884504109,Item No: 2380884504109,Haerr,red,77.63
3801981251299,Item No: 3801981251299,Skurnik,green,66.44
5721442865711,Item No: 5721442865711,Kermit,green,67.47
6516620810231,Item No: 6516620810231,Cohdwell,white,35.15
4664638489401,Item No: 4664638489401,Leopold,black,31.6
3893469388376,Item No: 3893469388376,Capello,blue,1.58
4479729677012,Item No: 4479729677012,Maxi,black,84.19
2682844747661,Item No: 2682844747661,Pozzy,red,97.88
8428235197956,Item No: 8428235197956,Suzetta,red,55.62
1633117707478,Item No: 1633117707478,Shields,blue,23.55
8325868646031,Item No: 8325868646031,Sparhawk,white,62.59
7337341582072,Item No: 7337341582072,Raama,green,68.69
1138508621775,Item No: 1138508621775,Kathie,blue,87.19
5706092096984,Item No: 5706092096984,Bates,black,43.62
6073366315204,Item No: 6073366315204,Iaverne,red,7.29
1153728657760,Item No: 1153728657760,Atcliffe,red,58.82
1696612901420,Item No: 1696612901420,Blisse,red,53.14
8623358949565,Item No: 8623358949565,Maples,black,97.12
1139321369408,Item No: 1139321369408,Burch,green,91.58
9165712404621,Item No: 9165712404621,Lilas,black,75.52
5443446244856,Item No: 5443446244856,Mayeda,green,21.02
0574323862011,Item No: 0574323862011,Concha,white,100.91
5066714819526,Item No: 5066714819526,Shaver,white,67.22
2029167532032,Item No: 2029167532032,Levey,blue,30.94
7237258310399,Item No: 7237258310399,Wenoa,red,3.85
3179240131559,Item No: 3179240131559,Syd,red,80.77
2783072332702,Item No: 2783072332702,Mozelle,white,48.89
3947918010735,Item No: 3947918010735,Bandeen,white,36.18
8692581051436,Item No: 8692581051436,Garrison,white,10.72
4935260413759,Item No: 4935260413759,Bow,red,88.22
6516225978026,Item No: 6516225978026,Aldric,black,68.93
6480427016547,Item No: 6480427016547,Teryn,blue,81.48
4872513038624,Item No: 4872513038624,Kirbee,white,88.38
0389989640303,Item No: 0389989640303,Hortensia,white,10.05
5906044229195,Item No: 5906044229195,Smitt,white,32.02
5048953692758,Item No: 5048953692758,Franza,red,65.04
6837920604419,Item No: 6837920604419,Grayce,black,12.04
4430583958429,Item No: 4430583958429,Naor,green,81.94
5243232808944,Item No: 5243232808944,Dorine,blue,39.06
4035610784811,Item No: 4035610784811,Docilla,green,18.66
5258987071629,Item No: 5258987071629,Danby,white,73.19
0194363523576,Item No: 0194363523576,Ietta,white,26.01
8994416659496,Item No: 8994416659496,Redmond,black,12.22
0953708412308,Item No: 0953708412308,Kolnick,white,99.52
9558293608984,Item No: 9558293608984,Lail,white,19.63
1544305166548,Item No: 1544305166548,Sekofski,green,78.47
6535586721459,Item No: 6535586721459,Tiffa,black,87.83
4064539391751,Item No: 4064539391751,Swigart,red,86.67
1203247623290,Item No: 1203247623290,Donoghue,blue,7.74
9539008408678,Item No: 9539008408678,Carlson,blue,35.15
4261954295205,Item No: 4261954295205,Robertson,green,25.65
5038518218745,Item No: 5038518218745,Edvard,black,90.17
1511083924397,Item No: 1511083924397,Millda,black,84.13
5575382165809,Item No: 5575382165809,Holtz,white,68.08
7809726079059,Item No: 7809726079059,Bohlin,green,83.56
6128393014840,Item No: 6128393014840,Corabella,red,18.99
2630128250931,Item No: 2630128250931,Zeeba,white,39.56
9397224705120,Item No: 9397224705120,Mitzi,white,27.55
6851131175763,Item No: 6851131175763,Neils,white,69.32
7405627816669,Item No: 7405627816669,Fairweather,red,54.19
8422197373778,Item No: 8422197373778,Elo,blue,57.19
5028449983872,Item No: 5028449983872,Mallon,blue,54.78
2290675863188,Item No: 2290675863188,Diogenes,green,31.46
4254064998438,Item No: 4254064998438,Wu,black,97.45
1818058605708,Item No: 1818058605708,Iiette,white,47.76
9024811144406,Item No: 9024811144406,Ferino,green,19.13
2902077780984,Item No: 2902077780984,Kaja,white,33.01
7951483476271,Item No: 7951483476271,Urania,blue,81.2
3210107356641,Item No: 3210107356641,Strephon,red,21.75
7743526623666,Item No: 7743526623666,Rosemary,blue,11.7
7169480988837,Item No: 7169480988837,Jethro,black,14.19
5994136311731,Item No: 5994136311731,Love,blue,73.57
1248022393525,Item No: 1248022393525,Cleavland,red,91.17
7806914745398,Item No: 7806914745398,Wind,white,99.62
9756779034819,Item No: 9756779034819,Estella,red,97.65
2294140901106,Item No: 2294140901106,Ries,green,30.53
5939738807039,Item No: 5939738807039,Karylin,red,72.44
5360639760055,Item No: 5360639760055,Pyle,black,68.01
6197682940841,Item No: 6197682940841,Elvyn,red,37.77
2645714950837,Item No: 2645714950837,Guildroy,black,66.89
3427926474061,Item No: 3427926474061,Slifka,blue,59.39
5446737948689,Item No: 5446737948689,Marden,green,7.28
0713964843780,Item No: 0713964843780,Yerkovich,green,33.07
1902955481494,Item No: 1902955481494,Wandie,white,24.25
3353118798319,Item No: 3353118798319,Prober,red,85.81
8848761239249,Item No: 8848761239249,Evangelia,green,77.18
8091077575316,Item No: 8091077575316,Guildroy,blue,11.74
9572973618036,Item No: 9572973618036,Blisse,white,57.34
3156159191527,Item No: 3156159191527,Orlene,blue,12.86
6827852403020,Item No: 6827852403020,Toni,black,85.12
6924581996696,Item No: 6924581996696,Orlene,black,74.75
3330784637667,Item No: 3330784637667,Blase,black,59.85
6752358726653,Item No: 6752358726653,Percy,red,39.6
2695300513560,Item No: 2695300513560,Wildermuth,white,68.08
8582514532820,Item No: 8582514532820,Atcliffe,red,27.1
7504540130911,Item No: 7504540130911,Kathie,green,58.24
7963668026137,Item No: 7963668026137,Skurnik,red,54.14
9763959280216,Item No: 9763959280216,Noam,red,7.91
8535061895332,Item No: 8535061895332,Jagir,black,30.73
5573557851252,Item No: 5573557851252,Allys,black,69.83
3134403602149,Item No: 3134403602149,Morrill,white,45.86
8426581386908,Item No: 8426581386908,Autrey,green,41.84
8674699589243,Item No: 8674699589243,Schonfeld,white,95.82
3486655044283,Item No: 3486655044283,Thornburg,green,46.75
6906493536233,Item No: 6906493536233,Wilkinson,green,62.22
4168506132299,Item No: 4168506132299,Heidt,black,80.1
5229833293655,Item No: 5229833293655,Corabella,black,42.69
1709080397486,Item No: 1709080397486,Lewes,black,97.03
5167953229259,Item No: 5167953229259,Bluh,green,84.72
7853195809475,Item No: 7853195809475,Khorma,black,81.24
5061460081389,Item No: 5061460081389,Newell,green,30.45
3379295303161,Item No: 3379295303161,Vilma,blue,43.58
4061963280099,Item No: 4061963280099,Tound,white,80.52
7056136792308,Item No: 7056136792308,Sundin,white,82.62
9453566419313,Item No: 9453566419313,Lacombe,white,71.83
2924296248422,Item No: 2924296248422,Sabella,blue,39.77
8480795444881,Item No: 8480795444881,Lattie,blue,26.77
6139440245889,Item No: 6139440245889,Willie,white,83.32
9345873656275,Item No: 9345873656275,Rooney,red,57.74
4033477933888,Item No: 4033477933888,Merna,red,3.03
7835195845626,Item No: 7835195845626,Erb,red,36.01
1707169180874,Item No: 1707169180874,Laurianne,white,62.81
0449965704377,Item No: 0449965704377,Ricki,blue,85.53
2463083374865,Item No: 2463083374865,Alrich,black,35.78
1344631926256,Item No: 1344631926256,Faria,green,41.14
2826727417647,Item No: 2826727417647,Donell,blue,67.12
8529039763024,Item No: 8529039763024,An,black,94
5913265669277,Item No: 5913265669277,Ardeha,blue,76.53
1066853290878,Item No: 1066853290878,Aprile,blue,87.45
3229193953340,Item No: 3229193953340,Bari,white,7.55
0888750624695,Item No: 0888750624695,Orpah,white,20.16
8307050672543,Item No: 8307050672543,Fry,green,38.77
3529372989635,Item No: 3529372989635,Lindemann,black,10.25
9002241159450,Item No: 9002241159450,Jerold,white,70.77
5774067803337,Item No: 5774067803337,Martguerita,black,78.1
5117805762471,Item No: 5117805762471,Libna,white,13.11
4498543418863,Item No: 4498543418863,Rudolph,black,34.24
9510334117978,Item No: 9510334117978,Scammon,blue,97.16
4178356857299,Item No: 4178356857299,Karl,white,29.26
2621979644350,Item No: 2621979644350,Baylor,green,76.66
5553018709512,Item No: 5553018709512,Rebecka,blue,78.71
8232468257449,Item No: 8232468257449,Rudolph,white,69.03
4737422439379,Item No: 4737422439379,Lunsford,black,94.89
1548300442013,Item No: 1548300442013,Naor,blue,2.76
4599963743114,Item No: 4599963743114,Medrek,white,42.05
0756539642619,Item No: 0756539642619,Honoria,white,20.63
3823778737255,Item No: 3823778737255,Candy,white,40.58
5624375889368,Item No: 5624375889368,Dearborn,white,94.49
7479942807995,Item No: 7479942807995,Jacqui,green,99.36
7359366975192,Item No: 7359366975192,Howlyn,blue,82.93
8866538776529,Item No: 8866538776529,Delp,black,55.17
2644121953354,Item No: 2644121953354,Schenck,blue,52.11
0090852189256,Item No: 0090852189256,Voletta,green,77.1
2512220731357,Item No: 2512220731357,Henrie,blue,18.51
9637256791733,Item No: 9637256791733,Kenwood,white,93.37
1174384687188,Item No: 1174384687188,Madaih,red,68.73
1103764984728,Item No: 1103764984728,Tamsky,red,44.44
8949811225564,Item No: 8949811225564,Jalbert,black,96.75
7654636644095,Item No: 7654636644095,Angelis,red,35.81
7723050428353,Item No: 7723050428353,Neils,white,3.19
7197837341274,Item No: 7197837341274,Carleen,green,59.25
8307278870683,Item No: 8307278870683,Nedrud,blue,69.36
9128514953840,Item No: 9128514953840,O'Rourke,red,96.14
1366799555971,Item No: 1366799555971,Belldas,green,53.43
6938891849844,Item No: 6938891849844,Francene,red,84.7
5666346934517,Item No: 5666346934517,Neils,green,85.24
9962203260770,Item No: 9962203260770,Christal,white,87.72
5115958407180,Item No: 5115958407180,Horan,red,92.78
1333066927088,Item No: 1333066927088,Magnolia,white,62.13
5490269789089,Item No: 5490269789089,Podvin,black,5.18
1687709288661,Item No: 1687709288661,Bahr,red,93.59
1914513312673,Item No: 1914513312673,Chobot,blue,30.26
6143384809283,Item No: 6143384809283,Ader,black,41.44
1049695121195,Item No: 1049695121195,Cynar,black,68.01
4000249084453,Item No: 4000249084453,Llovera,green,100.15
5156039858323,Item No: 5156039858323,Emerson,blue,59.82
9606350422417,Item No: 9606350422417,Whittaker,red,21.3
9623024118757,Item No: 9623024118757,Hazlett,green,81.04
2757347229236,Item No: 2757347229236,Bollay,green,83.97
5523218003882,Item No: 5523218003882,Sabella,blue,31.76
5955795109338,Item No: 5955795109338,Eno,blue,53.2
7558100532514,Item No: 7558100532514,Hieronymus,black,43.89
0165037435446,Item No: 0165037435446,Sancho,blue,34.89
3196227301254,Item No: 3196227301254,Schroth,red,40.55
2122317534367,Item No: 2122317534367,Joachim,red,92.6
0936217345660,Item No: 0936217345660,Erlandson,black,35.07
9652494070644,Item No: 9652494070644,Henebry,black,2.66
7665144286387,Item No: 7665144286387,Morrill,black,57.9
9177494274648,Item No: 9177494274648,Cordi,white,27.84
8076718678845,Item No: 8076718678845,Ovid,red,27.52
2833235832980,Item No: 2833235832980,Eldrid,black,37.75
9712722608667,Item No: 9712722608667,Fancie,red,32.08
2433063889805,Item No: 2433063889805,Nerita,red,41.45
6124817934405,Item No: 6124817934405,Buttaro,blue,60.66
6012560374729,Item No: 6012560374729,Jobi,black,100.16
0058650591523,Item No: 0058650591523,Erich,green,41.72
8996009934222,Item No: 8996009934222,Goddard,black,86.88
2327444764797,Item No: 2327444764797,Truc,green,85.74
2439784847143,Item No: 2439784847143,Lory,white,55.07
2167900795475,Item No: 2167900795475,Vilma,white,64.37
4348933767275,Item No: 4348933767275,Phaidra,green,14.66
3957013439698,Item No: 3957013439698,Lia,red,4.43
6953721103909,Item No: 6953721103909,Tannie,black,35.83
2994761504149,Item No: 2994761504149,Nance,white,90.51
6126685478427,Item No: 6126685478427,Byrne,black,7.32
8987442228021,Item No: 8987442228021,Egbert,white,4.44
8054234114881,Item No: 8054234114881,My,red,29
2390008832338,Item No: 2390008832338,Rozanna,green,85.21
0683918545355,Item No: 0683918545355,Dudley,green,86.89
7735484562013,Item No: 7735484562013,Kussell,blue,24.18
8553568382340,Item No: 8553568382340,Anastatius,green,80.85
4144288022927,Item No: 4144288022927,Cynar,black,49.57
1230617836769,Item No: 1230617836769,Junie,white,26.16
1812277792698,Item No: 1812277792698,Alwin,green,23.9
3857720777225,Item No: 3857720777225,Couture,red,83.03
5532017310058,Item No: 5532017310058,Jess,blue,32.3
6793774471969,Item No: 6793774471969,Aaberg,black,55.66
9816219943411,Item No: 9816219943411,Harday,black,58.45
7906440350009,Item No: 7906440350009,Carbo,white,52.44
4647005805121,Item No: 4647005805121,Vittoria,black,64.89
6054287107979,Item No: 6054287107979,Joseph,red,85.53
3282496290616,Item No: 3282496290616,Tryck,black,3.71
5055555372580,Item No: 5055555372580,Montgomery,blue,5.07
0023603365775,Item No: 0023603365775,Fillbert,black,88.02
1508251717656,Item No: 1508251717656,Goode,black,24.99
1035109773086,Item No: 1035109773086,Miru,black,26.16
0978944224749,Item No: 0978944224749,Nance,black,99.67
7274740717946,Item No: 7274740717946,Blase,green,95.47
6987765709733,Item No: 6987765709733,Goth,white,48.12
0150695392030,Item No: 0150695392030,Ludewig,green,72.58
6496824317662,Item No: 6496824317662,Infield,black,65.24
3896874426320,Item No: 3896874426320,Eachern,red,60.67
5122100550253,Item No: 5122100550253,Rocray,red,66.96
2591409152720,Item No: 2591409152720,Pozzy,white,93.76
9961238155688,Item No: 9961238155688,Lynn,green,85.93
5456562425852,Item No: 5456562425852,Lamoree,red,8.81
3444621776527,Item No: 3444621776527,Ellord,blue,75.52
3356300471577,Item No: 3356300471577,Raffo,blue,30.48
3447453697182,Item No: 3447453697182,Roxanna,black,17.69
1482435689728,Item No: 1482435689728,Gilmour,green,42.05
6822305741785,Item No: 6822305741785,Blase,black,59.08
6244623134917,Item No: 6244623134917,Isidore,white,74.81
6030600862033,Item No: 6030600862033,Moina,black,76.84
7242973536361,Item No: 7242973536361,McCutcheon,red,7.87
6692390087862,Item No: 6692390087862,Hull,white,20
8640907516194,Item No: 8640907516194,Hanleigh,green,72.46
5972716446126,Item No: 5972716446126,Dulciana,green,97.98
4230809990074,Item No: 4230809990074,Abernon,green,60.13
0530229302108,Item No: 0530229302108,Oriana,green,62.72
6889654055727,Item No: 6889654055727,Revkah,red,28.2
8547716250485,Item No: 8547716250485,Rolf,red,21.49
3617162711469,Item No: 3617162711469,Longfellow,white,32.44
5903859722531,Item No: 5903859722531,Ricki,green,47.12
9048575666950,Item No: 9048575666950,Colleen,white,68.7
0744455813104,Item No: 0744455813104,Euridice,red,34.45
2227844738808,Item No: 2227844738808,Marden,white,96.22
1376588228054,Item No: 1376588228054,Nicoline,blue,1.89
6198132534603,Item No: 6198132534603,Voletta,black,4.83
2416673063192,Item No: 2416673063192,Drisko,white,99.08
5860205717757,Item No: 5860205717757,Charity,white,41.53
0889523577433,Item No: 0889523577433,Posner,black,21.14
3929648148581,Item No: 3929648148581,Joeann,green,13.85
1877874469977,Item No: 1877874469977,Haerr,white,79.55
6649519073987,Item No: 6649519073987,Bonucci,black,40.15
6081146845333,Item No: 6081146845333,Nea,green,37.22
1197921348164,Item No: 1197921348164,Rudolph,blue,40.69
2451329265568,Item No: 2451329265568,Bluh,green,46.64
9670394455959,Item No: 9670394455959,Adore,red,25.26
5699338248750,Item No: 5699338248750,Rosalba,blue,34.85
5384055330156,Item No: 5384055330156,Evvie,black,80.09
3031124525442,Item No: 3031124525442,Jalbert,green,89
6248945982721,Item No: 6248945982721,Willie,blue,100.14
0627748635907,Item No: 0627748635907,Travax,white,85.83
6223338417115,Item No: 6223338417115,Millda,blue,24.13
0964571037845,Item No: 0964571037845,Teryn,green,63.49
2658178848595,Item No: 2658178848595,Sallyann,black,45.79
6062578203223,Item No: 6062578203223,Melan,green,74.92
7694738699798,Item No: 7694738699798,Thilda,blue,4.51
9146634700269,Item No: 9146634700269,Waite,white,9.22
0931878381671,Item No: 0931878381671,Septima,blue,49.85
4147276454709,Item No: 4147276454709,Gaulin,red,8.27
1439966688570,Item No: 1439966688570,Morehouse,blue,88.54
3820887361109,Item No: 3820887361109,Orpah,green,72.98
7371863279214,Item No: 7371863279214,Carleen,black,44.62
8483917149175,Item No: 8483917149175,Allys,blue,62.5
4933907022560,Item No: 4933907022560,Fink,black,16.78
8584939893106,Item No: 8584939893106,Timon,black,78.9
3149813454475,Item No: 3149813454475,Old,black,43.19
2957542006539,Item No: 2957542006539,Henrie,red,5.51
5568409759029,Item No: 5568409759029,Bearnard,black,12
1342007474465,Item No: 1342007474465,Docilla,red,18.45
4218985416320,Item No: 4218985416320,Greenwald,blue,24.19
8338618950799,Item No: 8338618950799,Dowski,blue,79.08
4331940880235,Item No: 4331940880235,Llovera,white,50.95
6264504547881,Item No: 6264504547881,Behre,blue,76.86
2278604676839,Item No: 2278604676839,Lytton,blue,97.69
4726345175110,Item No: 4726345175110,Maroney,green,54.57
8130968379503,Item No: 8130968379503,Emerson,black,76.23
2997119269603,Item No: 2997119269603,Vilma,blue,86.31
1854948402511,Item No: 1854948402511,Kevon,green,76.99
3858507966880,Item No: 3858507966880,Andrel,black,27.5
8944685366591,Item No: 8944685366591,Fitzsimmons,red,36.86
1417356819156,Item No: 1417356819156,Liebermann,black,60.07
9920345474316,Item No: 9920345474316,Jerald,red,40.97
4831624835267,Item No: 4831624835267,Alisia,green,12.99
5204970052687,Item No: 5204970052687,Nicoline,red,93.96
0472293685910,Item No: 0472293685910,Voletta,black,96.29
5290296667846,Item No: 5290296667846,Ardeha,blue,93.57
3717580714862,Item No: 3717580714862,Lay,red,14.97
1002084112442,Item No: 1002084112442,Love,green,81.25
0474197577838,Item No: 0474197577838,Trinetta,green,61.12
9825814274365,Item No: 9825814274365,Agle,red,49.44
3416981611516,Item No: 3416981611516,Ashok,white,45.43
0419927358637,Item No: 0419927358637,Hanleigh,blue,28.95
2771898249420,Item No: 2771898249420,Lissi,green,4.34
5767766502867,Item No: 5767766502867,Carleen,green,62.35
1180497846431,Item No: 1180497846431,Gino,black,39.97
8765991304654,Item No: 8765991304654,Letsou,green,97.13
1549863999954,Item No: 1549863999954,Havens,green,57.43
0163550292313,Item No: 0163550292313,Sawtelle,white,45.24
9160102205824,Item No: 9160102205824,Carvey,green,54.42
1669438741945,Item No: 1669438741945,Xerxes,black,67.01
4620720982576,Item No: 4620720982576,Calhoun,red,56.73
7789938230701,Item No: 7789938230701,Love,red,69.01
5408856898464,Item No: 5408856898464,Hathaway,white,26.58
6483905081160,Item No: 6483905081160,Gahl,black,94.34
1325668147440,Item No: 1325668147440,Atcliffe,green,11.48
1276736065609,Item No: 1276736065609,Radu,white,12.59
8265329198350,Item No: 8265329198350,Trey,black,43.04
7091452919908,Item No: 7091452919908,Pyle,red,25.9
1706883461930,Item No: 1706883461930,Donell,black,28.48
2323999925994,Item No: 2323999925994,Verger,green,1.03
6467170121168,Item No: 6467170121168,Arley,green,79.85
1971957137087,Item No: 1971957137087,Schalles,blue,30.74
3868894764048,Item No: 3868894764048,Nahum,white,43.04
6241186178302,Item No: 6241186178302,Vorster,green,72.36
8285034227334,Item No: 8285034227334,Schalles,green,61.4
8881895534352,Item No: 8881895534352,Yam,white,85.26
0772456308682,Item No: 0772456308682,Peti,black,24.69
0867370094014,Item No: 0867370094014,Kat,blue,1.81
3628664235430,Item No: 3628664235430,Arquit,white,31.14
1644659665136,Item No: 1644659665136,Lalitta,green,36.66
0881302298924,Item No: 0881302298924,Even,white,2.08
1435275741659,Item No: 1435275741659,Laverne,red,13.17
0559321828917,Item No: 0559321828917,Dahlia,blue,53.06
0942116251795,Item No: 0942116251795,Kannry,white,45.64
9890542614084,Item No: 9890542614084,Chem,white,85.5
2573904371141,Item No: 2573904371141,Penelopa,white,67.59
4969970512873,Item No: 4969970512873,Aurelio,white,81.71
9436000635637,Item No: 9436000635637,Strephon,green,54.46
4981629405679,Item No: 4981629405679,Sigfrid,green,86.41
0338209767836,Item No: 0338209767836,Edee,green,35.69
6193451742995,Item No: 6193451742995,Muriel,black,24.12
6036267451985,Item No: 6036267451985,Nea,blue,82.46
7177224087636,Item No: 7177224087636,Lacombe,white,62.82
0207331157531,Item No: 0207331157531,Raffo,green,65.14
9294562926311,Item No: 9294562926311,Eldrid,red,24.31
9848941797625,Item No: 9848941797625,Elvyn,red,56.33
0330553157550,Item No: 0330553157550,Ammann,blue,63.06
9274742580604,Item No: 9274742580604,Hanshaw,red,81.83
4298383655134,Item No: 4298383655134,Izaak,red,38.82
1340075723633,Item No: 1340075723633,Tiffa,green,18.49
5935628341790,Item No: 5935628341790,Toni,red,38.97
8792457964023,Item No: 8792457964023,Tice,black,60.06
7924181188536,Item No: 7924181188536,Bryna,red,11
4023085485774,Item No: 4023085485774,Lipson,blue,19.56
1223099620862,Item No: 1223099620862,Huggins,red,34.39
7695590777197,Item No: 7695590777197,Orelee,black,16.28
9698468954967,Item No: 9698468954967,Ezar,blue,9.26
6104031086466,Item No: 6104031086466,Whittaker,blue,37.48
2642889587866,Item No: 2642889587866,Jaylene,red,48.46
1333584588257,Item No: 1333584588257,Publia,blue,36.47
9559290827434,Item No: 9559290827434,Jena,black,100.65
9528601331671,Item No: 9528601331671,Buckler,green,51
1590317034484,Item No: 1590317034484,MacIntosh,red,45.47
3478845048782,Item No: 3478845048782,Juan,white,32.82
6407496055489,Item No: 6407496055489,Bertold,red,50.22
9045232348719,Item No: 9045232348719,Cosenza,white,41.88
0077788251412,Item No: 0077788251412,McAdams,blue,22.26
2343312299588,Item No: 2343312299588,Wareing,green,58
8511382725358,Item No: 8511382725358,Malanie,black,96.7
8911947476308,Item No: 8911947476308,Creamer,green,57.19
2180057518455,Item No: 2180057518455,Vins,red,37.1
7284483616687,Item No: 7284483616687,Angelis,white,98.06
0257766681594,Item No: 0257766681594,Sparhawk,green,72.72
6261984827830,Item No: 6261984827830,Fillbert,green,82.94
9573548814383,Item No: 9573548814383,Roarke,black,39.49
2998936868631,Item No: 2998936868631,Obed,green,4.62
7888824718974,Item No: 7888824718974,Johanna,blue,71.06
9269560545334,Item No: 9269560545334,Uund,green,94.53
4197666212380,Item No: 4197666212380,Ferrell,green,1.65
8029530654602,Item No: 8029530654602,Ricarda,black,44.29
5630127448064,Item No: 5630127448064,Tjon,black,70.03
4067677119919,Item No: 4067677119919,Gerge,red,70.36
5644400689818,Item No: 5644400689818,Hebner,blue,89.25
6572861060660,Item No: 6572861060660,Melan,blue,91.07
2820442252760,Item No: 2820442252760,Johnsson,white,10.4
3933995860438,Item No: 3933995860438,Giule,black,64.24
7638108257480,Item No: 7638108257480,Dreda,green,88.79
3456043905856,Item No: 3456043905856,Keelia,white,96.34
5935622893028,Item No: 5935622893028,Daveta,green,83.09
7687061771150,Item No: 7687061771150,Thornburg,blue,25.7
4138364889361,Item No: 4138364889361,Janene,blue,11.37
7217116686396,Item No: 7217116686396,Chabot,blue,59.49
2601633958368,Item No: 2601633958368,Nelsen,black,11.21
7177393920321,Item No: 7177393920321,Raul,blue,10.1
7201282558796,Item No: 7201282558796,Romelda,black,70.34
6086214257776,Item No: 6086214257776,Merell,black,30.06
7250161591788,Item No: 7250161591788,Llovera,white,5.03
1470329194876,Item No: 1470329194876,Goerke,white,25.75
0965139673167,Item No: 0965139673167,Longfellow,green,73.17
7058833541832,Item No: 7058833541832,Kinnard,black,39.35
9644744614831,Item No: 9644744614831,Edee,green,49.39
9977177004970,Item No: 9977177004970,Mitzi,blue,6.76
1240013584053,Item No: 1240013584053,Darrell,black,57.26
9764476326594,Item No: 9764476326594,Hertzfeld,blue,30.34
2700655891384,Item No: 2700655891384,Honoria,blue,75.6
3088647426511,Item No: 3088647426511,Alexandr,white,67.94
3356884151269,Item No: 3356884151269,Yam,green,3.6
0713932829753,Item No: 0713932829753,Screens,blue,69.9
6323860993534,Item No: 6323860993534,Krystle,white,10.74
9354261845384,Item No: 9354261845384,Chabot,black,100.62
1554931753383,Item No: 1554931753383,Levey,white,57.25
6801593972318,Item No: 6801593972318,Sikorski,red,99.01
4397958590158,Item No: 4397958590158,Henebry,white,49.69
6401489044701,Item No: 6401489044701,Tillford,black,71.09
1719511133125,Item No: 1719511133125,Carmena,red,96.68
2141042077600,Item No: 2141042077600,Donoghue,blue,54.13
3086774904394,Item No: 3086774904394,Gert,blue,84.45
9748643889123,Item No: 9748643889123,Prouty,red,4.32
9366642922901,Item No: 9366642922901,Gombach,black,29.64
3048357869621,Item No: 3048357869621,Goth,green,9.46
8680333770412,Item No: 8680333770412,Wind,blue,29.94
5696494579210,Item No: 5696494579210,Kevon,white,21.6
8298042648630,Item No: 8298042648630,Joni,red,33
6195938319869,Item No: 6195938319869,Drisko,white,29.12
9636273864755,Item No: 9636273864755,Nance,blue,71.87
5566343172213,Item No: 5566343172213,Lemuela,red,87.25
6842615114310,Item No: 6842615114310,Brunell,white,81.43
5937910090646,Item No: 5937910090646,Faro,white,20.05
2559601137614,Item No: 2559601137614,Mintz,green,56.19
4986285893661,Item No: 4986285893661,Cookie,white,97.96
8659613278464,Item No: 8659613278464,Dearborn,blue,1.73
9567130599640,Item No: 9567130599640,Gherardo,red,77.29
9091723436903,Item No: 9091723436903,Caitlin,red,43.33
4482108479693,Item No: 4482108479693,Wyn,blue,2.1
1108411373950,Item No: 1108411373950,Modie,white,35.21
6168091581925,Item No: 6168091581925,Shama,black,9.4
9494650083939,Item No: 9494650083939,Middleton,green,94.37
8875859057741,Item No: 8875859057741,Olin,black,36.28
4557800228565,Item No: 4557800228565,Teryn,red,2.53
8157317552558,Item No: 8157317552558,Bettine,white,90.41
2799227450782,Item No: 2799227450782,Borrell,red,80.66
6651652891477,Item No: 6651652891477,Payson,black,10.49
4792089081000,Item No: 4792089081000,Toor,green,2.93
7402605595146,Item No: 7402605595146,Glenden,black,90.9
8343666133706,Item No: 8343666133706,Auberbach,black,7.12
7400412457240,Item No: 7400412457240,Shanley,blue,59.57
3185693960337,Item No: 3185693960337,Alejoa,black,42.87
0963642130962,Item No: 0963642130962,Sabella,red,7.53
7731346678854,Item No: 7731346678854,Koziara,green,93.51
6243967727681,Item No: 6243967727681,Anselmi,green,14.76
7707081194643,Item No: 7707081194643,Telfer,blue,96.09
9482979223129,Item No: 9482979223129,McGrody,red,64.65
0899142751982,Item No: 0899142751982,Wyn,black,31.51
3691207390581,Item No: 3691207390581,Estella,red,56.56
9483652186286,Item No: 9483652186286,Serilda,red,13.6
6878113732938,Item No: 6878113732938,Alwin,black,78.98
9782716861038,Item No: 9782716861038,Amand,black,35.85
1645522053901,Item No: 1645522053901,Si,blue,14.96
9088724025484,Item No: 9088724025484,Kermit,red,61.96
8018800824587,Item No: 8018800824587,Kussell,red,24.63
6170779397688,Item No: 6170779397688,Delila,white,17.78
0358936560568,Item No: 0358936560568,Corilla,blue,26.22
4798187823067,Item No: 4798187823067,Yam,green,62.65
8013675261267,Item No: 8013675261267,Jaylene,white,38.28
2559315467029,Item No: 2559315467029,Nisbet,red,55.87
4485440893514,Item No: 4485440893514,Rozanna,red,55.24
2786742870456,Item No: 2786742870456,Wandie,red,80.06
7338209348868,Item No: 7338209348868,Nea,black,19.85
1733990422421,Item No: 1733990422421,Himelman,black,32.03
4204100351709,Item No: 4204100351709,Wenda,white,28.9
1528893581476,Item No: 1528893581476,Martguerita,blue,2.13
6734346232160,Item No: 6734346232160,Marisa,green,93.59
5388964443603,Item No: 5388964443603,Elbertina,green,4.82
4474856372596,Item No: 4474856372596,Felecia,green,4.4
2296306933814,Item No: 2296306933814,Wattenberg,green,24.34
7031845716187,Item No: 7031845716187,Allare,blue,35.37
6103563839115,Item No: 6103563839115,Tybald,green,82.64
1211043281483,Item No: 1211043281483,Dosia,white,89.9
3196193424334,Item No: 3196193424334,Kenney,red,69.3
4268900801002,Item No: 4268900801002,Cornelia,green,23.16
9029764549258,Item No: 9029764549258,Ortrude,black,54.62
0941383265509,Item No: 0941383265509,Edee,blue,88.29
8471494947828,Item No: 8471494947828,Scammon,black,69.82
2304540276429,Item No: 2304540276429,Orpah,blue,93.31
6437097368168,Item No: 6437097368168,Yerkovich,white,43.09
3410064273173,Item No: 3410064273173,Ackerley,black,90.1
1884075668166,Item No: 1884075668166,Briney,black,2.67
8666454528408,Item No: 8666454528408,Gillan,red,16.35
4780443432039,Item No: 4780443432039,Wallis,white,12.74
5094367197688,Item No: 5094367197688,Marden,white,72.49
2577630434482,Item No: 2577630434482,Sibyls,black,98.35
4786995323300,Item No: 4786995323300,Hepsibah,red,91.69
2943099780372,Item No: 2943099780372,Junie,green,1.78
5777434347264,Item No: 5777434347264,Dorine,black,46.37
8531242126767,Item No: 8531242126767,Mauer,red,42.4
5820722660245,Item No: 5820722660245,Douglass,white,15.52
7897499944089,Item No: 7897499944089,Dom,white,35.14
9636614372448,Item No: 9636614372448,Hermes,blue,27.22
8805756350957,Item No: 8805756350957,Vorster,green,37.31
0682312335538,Item No: 0682312335538,Gwenore,white,62.46
9826892966575,Item No: 9826892966575,Maurine,green,30.46
0234681149710,Item No: 0234681149710,Bevin,red,65.48
7006668837689,Item No: 7006668837689,Rocray,blue,5.18
9917056062701,Item No: 9917056062701,Brunell,green,13.95
8916461856056,Item No: 8916461856056,Posner,green,23.21
0976067363901,Item No: 0976067363901,Ursulette,white,47.96
4545448217758,Item No: 4545448217758,Cherianne,green,86.5
7268200285311,Item No: 7268200285311,Kaete,green,4.52
5431669868994,Item No: 5431669868994,Anton,red,62.66
5021195523829,Item No: 5021195523829,Moina,blue,62.25
3245660570231,Item No: 3245660570231,Colbert,red,98.31
8414278623230,Item No: 8414278623230,Elisha,green,56.24
1711926553609,Item No: 1711926553609,Thornburg,black,53.24
3572799163711,Item No: 3572799163711,Anton,blue,56.05
8231890259613,Item No: 8231890259613,Stelle,black,98.6
3961925489293,Item No: 3961925489293,Uird,green,97.04
5421620422411,Item No: 5421620422411,Miru,blue,36.62
3743699156459,Item No: 3743699156459,Roarke,black,8.51
8175532099183,Item No: 8175532099183,Lattie,red,86.41
5713775112739,Item No: 5713775112739,Raul,red,25.46
7527990334888,Item No: 7527990334888,Vittoria,black,39.95
5224361174588,Item No: 5224361174588,Denis,white,76.88
1258807134943,Item No: 1258807134943,Iaverne,black,46.28
5480364439889,Item No: 5480364439889,Odell,red,9.07
3790783885982,Item No: 3790783885982,Loeb,green,43.73
1211354038362,Item No: 1211354038362,Romelda,white,40.58
3415890910081,Item No: 3415890910081,Roche,green,54.26
3821879007170,Item No: 3821879007170,Lilybelle,white,83.56
2380134364688,Item No: 2380134364688,Hewitt,red,84.93
0871500340385,Item No: 0871500340385,Ariella,red,39.75
1525782774640,Item No: 1525782774640,Karna,blue,70.59
2008650721531,Item No: 2008650721531,An,white,1.08
2997342887340,Item No: 2997342887340,Christal,black,67.15
0865920137751,Item No: 0865920137751,Cressida,white,67.87
9515907428856,Item No: 9515907428856,Myrilla,green,77.72
8326612155916,Item No: 8326612155916,Dreda,red,96.86
4238441806181,Item No: 4238441806181,Grimbly,red,81.89
6740148670415,Item No: 6740148670415,Uund,white,96.07
7215511866968,Item No: 7215511866968,Mintz,green,31.79
3143829677732,Item No: 3143829677732,Ashely,white,28.24
8867715290745,Item No: 8867715290745,Yusuk,red,71.1
8653770295282,Item No: 8653770295282,Karl,green,91.61
0774770159410,Item No: 0774770159410,Vorster,red,56.35
9242790233593,Item No: 9242790233593,Wenoa,black,90.87
6658219111779,Item No: 6658219111779,Klotz,blue,18.38
3424847376714,Item No: 3424847376714,Vittoria,blue,93.06
7211304087170,Item No: 7211304087170,Schlosser,red,68.02
3926539849597,Item No: 3926539849597,Ruvolo,black,8.44
2864873866184,Item No: 2864873866184,Izaak,blue,32.33
8023588530517,Item No: 8023588530517,Sharl,green,44.25
6194681276421,Item No: 6194681276421,Drisko,black,23.73
2763598572031,Item No: 2763598572031,Kesley,red,16.68
0178785073998,Item No: 0178785073998,Hylan,white,23.73
6734746395836,Item No: 6734746395836,Braun,white,48.48
3453444797720,Item No: 3453444797720,Madox,red,89.28
4948427511918,Item No: 4948427511918,Martguerita,white,19.92
9820116889848,Item No: 9820116889848,Gombach,red,80.39
2185263756523,Item No: 2185263756523,Friede,black,77.65
5105709122773,Item No: 5105709122773,Charity,blue,8.74
8253905624064,Item No: 8253905624064,Friede,black,47.67
4065643042775,Item No: 4065643042775,Baylor,blue,29
8955325840017,Item No: 8955325840017,Federica,green,34.31
1834802904387,Item No: 1834802904387,Dawkins,blue,61.83
1937453378617,Item No: 1937453378617,Aldric,blue,8
9918848849239,Item No: 9918848849239,Eachern,white,75.08
3602492886658,Item No: 3602492886658,Gordon,blue,50.46
2600441938246,Item No: 2600441938246,Blake,white,3.34
4151718365689,Item No: 4151718365689,Tippets,red,13.26
1546646396588,Item No: 1546646396588,Billye,black,65.97
7709450238313,Item No: 7709450238313,Casimir,blue,97.44
7357551523254,Item No: 7357551523254,Iaverne,blue,97.38
7064825671790,Item No: 7064825671790,Atonsah,green,24.21
0164444105018,Item No: 0164444105018,Joseph,red,49.94
6599326717621,Item No: 6599326717621,Bronk,black,11.69
6883099987794,Item No: 6883099987794,Fairweather,blue,63.54
6745671208548,Item No: 6745671208548,Jagir,blue,68.27
5230565567949,Item No: 5230565567949,Zeeba,green,17.96
1912920116090,Item No: 1912920116090,Autrey,blue,29.55
6474181869488,Item No: 6474181869488,Maples,black,10.86
7083532667874,Item No: 7083532667874,Taam,blue,33.57
9533225569497,Item No: 9533225569497,Boehike,red,33.34
7913020607871,Item No: 7913020607871,Wittie,blue,48.3
5842886983588,Item No: 5842886983588,Faro,green,77.26
0533829241255,Item No: 0533829241255,Israeli,blue,17.82
5137523578687,Item No: 5137523578687,Diann,blue,61
7723892869666,Item No: 7723892869666,Maisey,white,29.54
8391711130526,Item No: 8391711130526,Carmena,blue,96.47
2482623377316,Item No: 2482623377316,Yerkovich,red,33.22
2814349292342,Item No: 2814349292342,Hamil,blue,37.87
3397651432353,Item No: 3397651432353,Pattin,red,51.61
5782331399395,Item No: 5782331399395,Vastah,black,2.67
2972529672623,Item No: 2972529672623,Alabaster,black,52.42
4462863167015,Item No: 4462863167015,Robertson,green,77.53
5977064472035,Item No: 5977064472035,Wooster,white,33.86
9542269548001,Item No: 9542269548001,Rona,white,49.08
2493724192875,Item No: 2493724192875,Docilla,green,19.44
7721075007014,Item No: 7721075007014,Reidar,blue,76.05
3370020155014,Item No: 3370020155014,Lunsford,black,25.65
6402829534067,Item No: 6402829534067,Syd,black,3.95
2964063210598,Item No: 2964063210598,Gahl,green,96.47
7176243785361,Item No: 7176243785361,Kirstin,green,30.42
8084259518357,Item No: 8084259518357,Sheedy,black,21.43
2435261654575,Item No: 2435261654575,Philoo,white,22
6457743409898,Item No: 6457743409898,Brunell,black,38.31
8547511790029,Item No: 8547511790029,Pettiford,black,61.88
7707229859642,Item No: 7707229859642,Shirberg,blue,29.75
2330261476012,Item No: 2330261476012,Seligman,black,28.08
5691596478918,Item No: 5691596478918,Leler,white,19.38
0129858270365,Item No: 0129858270365,Suanne,green,23.64
8088637424342,Item No: 8088637424342,Wattenberg,green,4.37
8921438166404,Item No: 8921438166404,Pettiford,green,16.43
5974566900470,Item No: 5974566900470,Thilda,white,40.88
8765009252361,Item No: 8765009252361,Wyn,white,37.81
8486246240353,Item No: 8486246240353,Mullane,red,60.65
8748736544602,Item No: 8748736544602,Wenoa,white,100.04
9256597237281,Item No: 9256597237281,Saint,black,5.49
2297236655826,Item No: 2297236655826,Oscar,blue,75.78
4081189029420,Item No: 4081189029420,Loring,red,75.88
0209291399126,Item No: 0209291399126,McCutcheon,red,50.66
2277283495915,Item No: 2277283495915,Andrel,white,24.6
4654594873824,Item No: 4654594873824,Monk,black,99.76
2737460732288,Item No: 2737460732288,Lilybelle,black,55
2068965400557,Item No: 2068965400557,Belanger,red,98.58
1695486820565,Item No: 1695486820565,Nester,black,73.07
4460935955615,Item No: 4460935955615,Gordon,black,84.18
5793758160048,Item No: 5793758160048,Elvyn,black,100.39
0319966999760,Item No: 0319966999760,Klotz,blue,70.91
5161795772976,Item No: 5161795772976,Buffum,red,65.28
5542225679967,Item No: 5542225679967,Valoniah,black,41.55
0107036292454,Item No: 0107036292454,Sparhawk,black,19.46
6433246826332,Item No: 6433246826332,Wiener,blue,56.89
2813220999069,Item No: 2813220999069,Seessel,black,30.01
7928888652765,Item No: 7928888652765,Geffner,red,63.69
4902260295358,Item No: 4902260295358,Eckblad,white,99.45
2748326264185,Item No: 2748326264185,Claudine,red,78.06
6252661907865,Item No: 6252661907865,Rooney,green,23.06
8519497865150,Item No: 8519497865150,Heisel,blue,75.73
1905837114006,Item No: 1905837114006,Weide,blue,24.34
7507164634666,Item No: 7507164634666,Aloise,red,17.17
0253358696029,Item No: 0253358696029,Rhu,black,22.26
4020536471122,Item No: 4020536471122,Harriman,red,61.33
5228562986282,Item No: 5228562986282,Gladstone,white,95.07
4133458727671,Item No: 4133458727671,Croix,black,56.25
8937053439662,Item No: 8937053439662,Dimitris,white,56.75
1554464478173,Item No: 1554464478173,Toni,white,62.63
7693708130596,Item No: 7693708130596,Cleo,red,28.15
7759766646509,Item No: 7759766646509,Blake,red,22.76
6783844728987,Item No: 6783844728987,Dudley,white,67.91
7095461887234,Item No: 7095461887234,Radu,white,1.41
1869179367068,Item No: 1869179367068,McCutcheon,green,70.92
2605409777922,Item No: 2605409777922,Hillel,black,54.28
2480380079936,Item No: 2480380079936,Linehan,red,86.36
9790621967893,Item No: 9790621967893,Mitzi,white,2.19
7807112239238,Item No: 7807112239238,Leonard,white,14.31
1323781117786,Item No: 1323781117786,Serilda,blue,12.27
5992943610130,Item No: 5992943610130,Oster,blue,30.29
8957871646682,Item No: 8957871646682,Arne,blue,33.48
4075434301768,Item No: 4075434301768,Baylor,black,29.24
6827848125943,Item No: 6827848125943,Saunderson,green,38.52
1254603832355,Item No: 1254603832355,Randene,green,7.88
4039474926439,Item No: 4039474926439,Rozanna,red,17.94
6159964498640,Item No: 6159964498640,Roche,green,97.9
0634127028527,Item No: 0634127028527,An,blue,70.56
3256660964454,Item No: 3256660964454,McLaughlin,white,3.94
8886929588350,Item No: 8886929588350,Olin,blue,21.04
7435459052702,Item No: 7435459052702,Beebe,red,10.83
7261585862718,Item No: 7261585862718,Buffum,red,91.09
7135007086868,Item No: 7135007086868,Barrus,green,84.4
3175232782402,Item No: 3175232782402,Nicoline,red,66.12
1605620447514,Item No: 1605620447514,Albertine,blue,15.99
3301029767923,Item No: 3301029767923,Eliathas,red,34.31
9026950812840,Item No: 9026950812840,Vacuva,blue,74.82
9122862925305,Item No: 9122862925305,Yusuk,red,8.18
0863695377665,Item No: 0863695377665,Arley,blue,89.38
3494448370866,Item No: 3494448370866,Clara,blue,19.51
6043237331894,Item No: 6043237331894,Delacourt,black,75.69
0443688674745,Item No: 0443688674745,Arne,white,77.09
2989688044742,Item No: 2989688044742,Millda,red,13.89
4993559440863,Item No: 4993559440863,Couture,red,30.22
8585516947046,Item No: 8585516947046,Virgin,white,50.88
3447705928015,Item No: 3447705928015,Crudden,black,2.76
3883866720535,Item No: 3883866720535,Philipp,blue,39.8
1883140004806,Item No: 1883140004806,Tybald,white,1.4
5171738515579,Item No: 5171738515579,Hachmin,green,69.6
6268393698721,Item No: 6268393698721,Cottle,red,57.94
5894073552171,Item No: 5894073552171,Strephon,red,93.28
9205736029613,Item No: 9205736029613,Fink,green,81.8
5066181934488,Item No: 5066181934488,Dermott,red,80.42
1975454635618,Item No: 1975454635618,Koehler,red,21.32
3903282260935,Item No: 3903282260935,Jerald,blue,34.75
2753568751015,Item No: 2753568751015,Destinee,black,52.38
6596124330077,Item No: 6596124330077,Maryanne,black,62.51
8646078385632,Item No: 8646078385632,Baptlsta,blue,44.24
2818764470373,Item No: 2818764470373,Brittani,red,96.07
8641715757896,Item No: 8641715757896,Hylan,red,6.51
8544514399764,Item No: 8544514399764,O'Neill,white,20.46
9356683828681,Item No: 9356683828681,Cordi,red,73.3
9126321377652,Item No: 9126321377652,Artie,black,80.7
8050413458827,Item No: 8050413458827,Raimondo,white,73.79
2567565627844,Item No: 2567565627844,Vacuva,blue,80.28
8821305411398,Item No: 8821305411398,Stilwell,black,14.66
3256525450390,Item No: 3256525450390,Durware,blue,55.45
5084288790341,Item No: 5084288790341,Bow,white,57.96
7481581200169,Item No: 7481581200169,Garlinda,white,86.88
8086062704144,Item No: 8086062704144,Bari,red,41.78
1249958395793,Item No: 1249958395793,Kristi,green,51.26
1224539634820,Item No: 1224539634820,Waite,white,17.75
7539952529040,Item No: 7539952529040,Mauer,red,70.21
3794788857591,Item No: 3794788857591,Lesley,red,8.98
1482657470365,Item No: 1482657470365,August,green,23.04
4453524716807,Item No: 4453524716807,Killigrew,red,57.45
3098933340040,Item No: 3098933340040,Lane,green,66.78
0641777534146,Item No: 0641777534146,Thornburg,black,61.4
6223449621260,Item No: 6223449621260,Azeria,blue,59.05
0222011671755,Item No: 0222011671755,Thilda,red,72.88
8146567575271,Item No: 8146567575271,Leler,black,58.45
6188939085556,Item No: 6188939085556,Nelsen,green,38.58
8521611960365,Item No: 8521611960365,Monk,blue,71.99
9797434063653,Item No: 9797434063653,Birdella,white,26.72
9425226394741,Item No: 9425226394741,Concha,black,85
6282327389699,Item No: 6282327389699,Devlen,white,56.47
1523288966825,Item No: 1523288966825,Jefferey,black,29.13
1588741149349,Item No: 1588741149349,Berard,red,45.43
8121503546185,Item No: 8121503546185,Shaddock,red,61.28
6307203710700,Item No: 6307203710700,Regan,red,65.52
4142005496780,Item No: 4142005496780,Iiette,green,80.36
4989299573317,Item No: 4989299573317,Madelene,blue,10.42
7913792612361,Item No: 7913792612361,Roumell,white,64.94
5362909745907,Item No: 5362909745907,Daegal,red,36.97
9548477509576,Item No: 9548477509576,Vernier,black,12.9
1466523498601,Item No: 1466523498601,Goth,black,16.8
4676045977674,Item No: 4676045977674,O'Rourke,red,93.73
0917895073206,Item No: 0917895073206,Swanhildas,red,7.88
9171792599626,Item No: 9171792599626,Wittie,black,48.78
1766198518254,Item No: 1766198518254,Wiener,blue,48.64
7917071111677,Item No: 7917071111677,Shama,green,83.33
4387304436683,Item No: 4387304436683,Cordi,red,39.59
7898346187279,Item No: 7898346187279,My,black,53.91
3811776711471,Item No: 3811776711471,Carolin,white,9.24
5160467567352,Item No: 5160467567352,Aurelio,red,78.79
8047541204694,Item No: 8047541204694,Macey,red,23.37
6852326403678,Item No: 6852326403678,Chem,green,56.82
7232763546313,Item No: 7232763546313,Dosia,white,5.01
6872318335949,Item No: 6872318335949,Ade,blue,90.12
1180225371179,Item No: 1180225371179,Nea,blue,37.19
3594260819807,Item No: 3594260819807,My,red,20.02
5166633122278,Item No: 5166633122278,Chinua,green,22.51
5472636035251,Item No: 5472636035251,Olnee,blue,28.55
4007355257905,Item No: 4007355257905,Alisia,green,23.53
1788649382458,Item No: 1788649382458,Loring,white,42.17
8006282911782,Item No: 8006282911782,Cordi,black,74.52
2118192666855,Item No: 2118192666855,Rillings,blue,61.77
1256807549448,Item No: 1256807549448,Millda,blue,80.77
4181204569979,Item No: 4181204569979,Ardeha,blue,28.47
5222795268516,Item No: 5222795268516,Ariella,red,14.3
3389819327169,Item No: 3389819327169,Anton,blue,76.92
2885910982897,Item No: 2885910982897,Abernon,white,98.18
0882152529554,Item No: 0882152529554,Larochelle,black,100.31
8223679560858,Item No: 8223679560858,Phaidra,green,65.76
5618479569904,Item No: 5618479569904,Lenny,white,48.75
1274905936075,Item No: 1274905936075,Ruvolo,white,20.23
1486752266192,Item No: 1486752266192,Hamil,blue,92.69
1615943310392,Item No: 1615943310392,Bigner,green,14.69
9117885037129,Item No: 9117885037129,Larochelle,white,35.22
3587140721816,Item No: 3587140721816,Chaing,red,52.82
7327692498382,Item No: 7327692498382,Eben,red,22.14
9328629194648,Item No: 9328629194648,Ries,black,39.64
8971239601238,Item No: 8971239601238,Zitvaa,white,76.47
4301421515982,Item No: 4301421515982,Teddman,blue,79.51
8936156542469,Item No: 8936156542469,Ramona,white,50.16
7863248661486,Item No: 7863248661486,Cyrie,white,65.95
9255079696608,Item No: 9255079696608,Chrystel,blue,86.66
6508401761323,Item No: 6508401761323,Eliathas,green,76.98
8979368311195,Item No: 8979368311195,Cornelia,red,4.48
0874097669687,Item No: 0874097669687,Flita,red,20.85
6420998501239,Item No: 6420998501239,Sikorski,red,92.1
8019915510433,Item No: 8019915510433,Seagraves,black,40.43
2282754140375,Item No: 2282754140375,Constancy,black,70.38
6662843265691,Item No: 6662843265691,Gaspard,blue,12.43
4194956653926,Item No: 4194956653926,Francene,green,2.65
4278567504147,Item No: 4278567504147,Old,black,93.18
6514267418546,Item No: 6514267418546,Raffo,green,23.57
4275494488666,Item No: 4275494488666,Aaberg,green,56
0845681472687,Item No: 0845681472687,Screens,black,37.39
4387115314077,Item No: 4387115314077,Alexandr,green,12.75
7175475392805,Item No: 7175475392805,Tippets,black,81.92
6286252897667,Item No: 6286252897667,Moseley,blue,39.35
8870976600561,Item No: 8870976600561,Payson,blue,64.29
0422984715997,Item No: 0422984715997,Parsaye,black,93.56
6998174675212,Item No: 6998174675212,Hanshaw,blue,79.55
0335309180531,Item No: 0335309180531,Pip,blue,55.49
8143708965644,Item No: 8143708965644,Sparhawk,red,69.78
0224096412904,Item No: 0224096412904,Auberbach,blue,13.1
5581784850321,Item No: 5581784850321,Maroney,white,43.65
9415544819770,Item No: 9415544819770,Devlen,blue,55.98
7413955823325,Item No: 7413955823325,Boycey,white,64.26
9891187460008,Item No: 9891187460008,Edee,blue,70.87
6707630009062,Item No: 6707630009062,Barney,green,59.47
2580848871712,Item No: 2580848871712,Redmond,green,26.66
3756964692061,Item No: 3756964692061,Fax,white,65.69
1452597536446,Item No: 1452597536446,Keelia,green,45.61
0895431684987,Item No: 0895431684987,Hurley,red,33.86
8046355892409,Item No: 8046355892409,Christal,blue,64.19
9084675007213,Item No: 9084675007213,Alexandr,black,100.46
2139617116480,Item No: 2139617116480,Bergman,red,100.96
1601301076590,Item No: 1601301076590,Afton,blue,1.27
8160039688273,Item No: 8160039688273,Campball,black,91.35
9099737686955,Item No: 9099737686955,Tomasina,red,24.69
4704575176276,Item No: 4704575176276,Philoo,red,33.62
3831521581863,Item No: 3831521581863,Pelagias,black,25.29
6766131793559,Item No: 6766131793559,O'Carroll,blue,100.86
5699613542109,Item No: 5699613542109,Hunfredo,white,12.15
2025606557438,Item No: 2025606557438,Bivins,green,77.81
6854665675948,Item No: 6854665675948,Arley,blue,49.09
3375792301383,Item No: 3375792301383,Hutchison,red,63.96
2576686588670,Item No: 2576686588670,Quinn,red,86.72
1121117397038,Item No: 1121117397038,Lay,black,87.54
2024104869153,Item No: 2024104869153,Payson,white,98.75
9390766992758,Item No: 9390766992758,Charity,black,100.53
7804006161564,Item No: 7804006161564,Gillan,black,96.9
4359263365593,Item No: 4359263365593,Erb,red,67.97
9895487226927,Item No: 9895487226927,Secrest,blue,100.82
7054733486804,Item No: 7054733486804,Joseph,green,49.92
3370188661667,Item No: 3370188661667,Gemini,blue,85.04
1934068916235,Item No: 1934068916235,Hachmin,blue,55.37
6124414631119,Item No: 6124414631119,Creamer,green,95.52
1488126587305,Item No: 1488126587305,Shama,red,24.01
1598272118467,Item No: 1598272118467,Havens,white,42.44
5108369376086,Item No: 5108369376086,Kenwood,blue,28.77
0460286287184,Item No: 0460286287184,Burkle,red,83.61
6788410814927,Item No: 6788410814927,Gibbeon,black,60.82
4231183416975,Item No: 4231183416975,Xerxes,green,61.08
0429686518666,Item No: 0429686518666,Tice,green,41.56
8117118574220,Item No: 8117118574220,Martsen,green,43.35
2672707235590,Item No: 2672707235590,Raimondo,green,41.92
9904692897187,Item No: 9904692897187,Ventre,red,59.84
3348735445460,Item No: 3348735445460,Jacinda,white,48.7
7946519946831,Item No: 7946519946831,Parsaye,green,72.59
7877169717712,Item No: 7877169717712,Wadell,blue,86.87
4805576283971,Item No: 4805576283971,Connelly,green,4.97
2509328741227,Item No: 2509328741227,Pillsbury,green,19.26
1242973583103,Item No: 1242973583103,Wiener,green,57.17
3838311678854,Item No: 3838311678854,Mata,red,30.43
4248356793446,Item No: 4248356793446,Haldas,black,93.86
4780450695345,Item No: 4780450695345,Alfons,red,59.26
1502501487041,Item No: 1502501487041,Brittani,white,56.89
2538401987446,Item No: 2538401987446,Yusuk,blue,78.68
0489177209970,Item No: 0489177209970,Bonucci,white,80.75
9760367176031,Item No: 9760367176031,Shaddock,blue,67.1
0989446503582,Item No: 0989446503582,Skurnik,white,52.86
6517597624709,Item No: 6517597624709,MacIntosh,red,33.48
6445149946678,Item No: 6445149946678,Chauncey,green,71.02
1321298038559,Item No: 1321298038559,Ailyn,green,4.02
9385922834033,Item No: 9385922834033,Meli,black,43.33
5370051164014,Item No: 5370051164014,Freddi,blue,28.76
7564134743935,Item No: 7564134743935,Gunn,blue,12.74
4993081801621,Item No: 4993081801621,Roarke,blue,38.67
1166815468611,Item No: 1166815468611,Maryanne,red,29.05
1249539960534,Item No: 1249539960534,Morrill,white,24.64
8404162759434,Item No: 8404162759434,Isidore,blue,42.76
7745305131301,Item No: 7745305131301,Delp,red,88.94
2074202768103,Item No: 2074202768103,Santoro,black,20.64
5931451855775,Item No: 5931451855775,Natica,red,60.87
2638800697556,Item No: 2638800697556,Modie,black,64.79
1106309648212,Item No: 1106309648212,Raimondo,green,41.79
7307361236950,Item No: 7307361236950,Paton,green,14.88
3529215678292,Item No: 3529215678292,Nunci,red,42.83
4532545698343,Item No: 4532545698343,Allys,red,32.22
0192867509248,Item No: 0192867509248,Munn,green,87.82
8533353177685,Item No: 8533353177685,Pond,red,76.48
2710035573279,Item No: 2710035573279,Hartnett,blue,90.51
8297874494703,Item No: 8297874494703,Bryna,green,39.7
3078321249873,Item No: 3078321249873,Pierette,white,90.79
7147611733037,Item No: 7147611733037,Teryn,blue,73.61
5159728658314,Item No: 5159728658314,Holtz,blue,7.79
0197308727802,Item No: 0197308727802,Shelba,blue,60.29
6749408064758,Item No: 6749408064758,Briney,red,92.6
6209000212312,Item No: 6209000212312,Lay,black,2.92
5750608916059,Item No: 5750608916059,Felecia,blue,70.97
9043053631080,Item No: 9043053631080,Bonucci,green,17.31
5979394354746,Item No: 5979394354746,Pacorro,blue,20.3
1277351429325,Item No: 1277351429325,Arquit,red,70.67
5940944023010,Item No: 5940944023010,Pernick,white,38.93
5051415801885,Item No: 5051415801885,Colbert,black,61.94
5229980634410,Item No: 5229980634410,Si,green,6.82
8806505824130,Item No: 8806505824130,Pozzy,blue,74.29
9826630386708,Item No: 9826630386708,Goddard,green,51.44
8129637638596,Item No: 8129637638596,Nikaniki,white,27.87
0491955982347,Item No: 0491955982347,Carey,black,58.26
9874182710778,Item No: 9874182710778,Stilwell,red,70.04
3133379610829,Item No: 3133379610829,Wattenberg,white,44.61
0395391089668,Item No: 0395391089668,Yoko,blue,86.55
7843718400184,Item No: 7843718400184,Carey,white,72.95
9867615908083,Item No: 9867615908083,Zaslow,blue,77.4
4308941384602,Item No: 4308941384602,Wadell,black,27.2
3827082903538,Item No: 3827082903538,Syd,black,15.68
1741582944286,Item No: 1741582944286,Peonir,red,45.74
3140308846249,Item No: 3140308846249,Saunderson,red,51.23
3576548493108,Item No: 3576548493108,Palocz,black,42.69
0430137432637,Item No: 0430137432637,Charmine,blue,30.74
7019017030194,Item No: 7019017030194,Yerkovich,black,9.46
4496782996234,Item No: 4496782996234,Cecile,white,42.75
0209133321039,Item No: 0209133321039,Barbey,red,77.56
0528643061846,Item No: 0528643061846,Natica,green,90.52
8132094537433,Item No: 8132094537433,Minetta,black,96.67
6577813264034,Item No: 6577813264034,Raul,black,53.01
8310535331282,Item No: 8310535331282,Juliet,green,61.36
6997548660854,Item No: 6997548660854,Remmer,black,56
9766621159394,Item No: 9766621159394,Agle,blue,40.58
0315047887233,Item No: 0315047887233,Sharl,blue,37.5
7532312854847,Item No: 7532312854847,Dulciana,black,45.31
4671772722565,Item No: 4671772722565,Rogerio,black,52.54
9010116698576,Item No: 9010116698576,Tjon,green,26.41
8743592551254,Item No: 8743592551254,Rurik,red,73.81
9569892951351,Item No: 9569892951351,Ailyn,black,57.48
5474861561248,Item No: 5474861561248,Horan,green,83.63
5611645995909,Item No: 5611645995909,Lissi,blue,39.49
2728985693130,Item No: 2728985693130,Kussell,white,99.48
3592595850649,Item No: 3592595850649,Lucienne,white,97.97
2477690106570,Item No: 2477690106570,Land,red,50.79
1349365213215,Item No: 1349365213215,Kress,red,12.44
0241964007690,Item No: 0241964007690,Mehalek,green,81.5
3103216503130,Item No: 3103216503130,Kosey,white,61.83
5851110891373,Item No: 5851110891373,Fleeta,black,53.67
9855453893739,Item No: 9855453893739,Fry,red,14.29
6641259163678,Item No: 6641259163678,Leifeste,black,97.78
9173220252258,Item No: 9173220252258,Olympium,blue,66.62
4520063508675,Item No: 4520063508675,Loring,black,62.31
2948351208186,Item No: 2948351208186,Hourigan,white,65.54
0107207069593,Item No: 0107207069593,Ehrman,red,10.01
1430981530063,Item No: 1430981530063,Lanita,black,68.58